date,home_team,away_team,result,elo_win_a,elo_draw,elo_win_b,dc_win_a,dc_draw,dc_win_b,xgb_win_a,xgb_draw,xgb_win_b
2002-05-31,France,Senegal,-1,0.370417,0.26,0.369583,0.4045299710770116,0.3334275219784905,0.2620425069444978,0.4254050850868225,0.2824369966983795,0.2921578884124756
2002-06-01,Germany,Saudi Arabia,1,0.369634,0.26,0.370366,0.4255390013533033,0.3060996546582618,0.2683613439884349,0.4824892282485962,0.17904166877269745,0.3384690582752228
2002-06-01,Ireland,Cameroon,0,0.369545,0.26,0.370455,0.26249448200048103,0.3550369916952707,0.3824685263042482,0.42949241399765015,0.28804734349250793,0.2824602723121643
2002-06-01,Uruguay,Denmark,-1,0.369078,0.26,0.370922,0.47892220475611563,0.3135786643265395,0.2074991309173449,0.27339646220207214,0.25731587409973145,0.4692877233028412
2002-06-02,Argentina,Nigeria,1,0.371716,0.26,0.368284,0.6588956427357867,0.23605597099446218,0.10504838626975109,0.39528220891952515,0.3085518479347229,0.29616594314575195
2002-06-02,England,Sweden,0,0.369064,0.26,0.370936,0.6691736713365496,0.22404753308101472,0.10677879558243569,0.3189414143562317,0.2786659598350525,0.4023926258087158
2002-06-02,Paraguay,South Africa,0,0.370226,0.26,0.369774,0.446269510308242,0.3368500282028269,0.21688046148893095,0.2976827025413513,0.30187779664993286,0.40043947100639343
2002-06-02,Spain,Slovenia,1,0.369827,0.26,0.370173,0.7266056519854049,0.20166510435411047,0.07172924366048469,0.5030727386474609,0.23827898502349854,0.25864824652671814
2002-06-03,Brazil,Turkey,1,0.371149,0.26,0.368851,0.7345491840791646,0.17696853093723333,0.08848228498360207,0.5593857169151306,0.2351524978876114,0.2054618000984192
2002-06-03,Croatia,Mexico,-1,0.369842,0.26,0.370158,0.2070185203550733,0.31959199230404495,0.47338948734088176,0.3188464343547821,0.2876027226448059,0.393550843000412
2002-06-03,Italy,Ecuador,1,0.371566,0.26,0.368434,0.2066441174240739,0.3298046554829787,0.4635512270929474,0.40711966156959534,0.32250165939331055,0.2703787088394165
2002-06-04,China,Costa Rica,-1,0.371282,0.26,0.368718,0.18498905977385696,0.28013872683916263,0.5348722133869804,0.4285419285297394,0.2470824420452118,0.32437562942504883
2002-06-04,Japan,Belgium,0,0.370177,0.26,0.369823,0.6001518128350799,0.24904652282812537,0.15080166433679476,0.4356154799461365,0.28705182671546936,0.27733272314071655
2002-06-04,South Korea,Poland,1,0.3705,0.26,0.3695,0.6673404151667862,0.21239509773018883,0.12026448710302491,0.5506340265274048,0.23872557282447815,0.21064043045043945
2002-06-05,Germany,Ireland,0,0.370458,0.26,0.369542,0.6576475317027037,0.22046775176542274,0.12188471653187347,0.4957583546638489,0.2849370241165161,0.2193046510219574
2002-06-05,Russia,Tunisia,1,0.370135,0.26,0.369865,0.31201048849509583,0.3474046408046237,0.34058487070028054,0.48269200325012207,0.2504349946975708,0.2668730318546295
2002-06-05,United States,Portugal,1,0.368561,0.26,0.371439,0.35971083760568556,0.29250760234862166,0.3477815600456928,0.25022637844085693,0.257058322429657,0.4927152991294861
2002-06-06,Cameroon,Saudi Arabia,1,0.370266,0.26,0.369734,0.21562448201226161,0.3613333269360613,0.42304219105167706,0.5906558036804199,0.2216382920742035,0.18770594894886017
2002-06-06,Denmark,Senegal,0,0.370243,0.26,0.369757,0.27958836493485273,0.3329160829829145,0.3874955520822328,0.38755038380622864,0.3072100877761841,0.30523955821990967
2002-06-06,France,Uruguay,0,0.37013,0.26,0.36987,0.31863216856813675,0.339836746199317,0.34153108523254627,0.4683896601200104,0.2601745128631592,0.2714358866214752
2002-06-07,Argentina,England,-1,0.370733,0.26,0.369267,0.3953974160018345,0.35208656452531656,0.25251601947284896,0.5002590417861938,0.2536275088787079,0.24611346423625946
2002-06-07,Spain,Paraguay,1,0.371881,0.26,0.368119,0.5543047058425945,0.29160664051504226,0.1540886536423632,0.6930617094039917,0.19454699754714966,0.11239129304885864
2002-06-07,Sweden,Nigeria,1,0.369876,0.26,0.370124,0.2773367737123714,0.28590319393643515,0.4367600323511935,0.2662259042263031,0.2772931754589081,0.45648086071014404
2002-06-08,Brazil,China,1,0.369632,0.26,0.370368,0.7676380138208263,0.16707602874835542,0.06528595743081822,0.7540764212608337,0.1138223186135292,0.13210120797157288
2002-06-08,Italy,Croatia,-1,0.370005,0.26,0.369995,0.3115997822411048,0.30825967657244174,0.38014054118645346,0.40760207176208496,0.32225358486175537,0.27014437317848206
2002-06-08,South Africa,Slovenia,1,0.371085,0.26,0.368915,0.35921649885896423,0.34956385898111864,0.29121964215991725,0.4197421073913574,0.294104665517807,0.28615322709083557
2002-06-09,Costa Rica,Turkey,0,0.371464,0.26,0.368536,0.48230965708046786,0.2763603273816374,0.24133001553789477,0.41504186391830444,0.28094521164894104,0.3040129244327545
2002-06-09,Japan,Russia,1,0.369664,0.26,0.370336,0.6941593859278558,0.20906608042622057,0.09677453364592366,0.40828391909599304,0.27115437388420105,0.3205617368221283
2002-06-09,Mexico,Ecuador,1,0.370388,0.26,0.369612,0.3344514746614747,0.38748447766673466,0.27806404767179066,0.5685684084892273,0.2671680152416229,0.1642635464668274
2002-06-10,South Korea,United States,0,0.370416,0.26,0.369584,0.35521123181175024,0.3084265065964109,0.3363622615918389,0.46090584993362427,0.27763357758522034,0.2614606022834778
2002-06-10,Portugal,Poland,1,0.371568,0.26,0.368432,0.6708321831877027,0.20289239526204292,0.12627542155025434,0.5147600769996643,0.2306288778781891,0.2546110451221466
2002-06-10,Tunisia,Belgium,0,0.370032,0.26,0.369968,0.2594581383044078,0.3327782490469389,0.40776361264865335,0.3342989981174469,0.2521016597747803,0.41359931230545044
2002-06-11,Cameroon,Germany,-1,0.370102,0.26,0.369898,0.16745534018973607,0.2621331123149174,0.5704115474953465,0.3009096086025238,0.28100982308387756,0.41808053851127625
2002-06-11,Denmark,France,1,0.37006,0.26,0.36994,0.21964816655232855,0.29509737197505986,0.48525446147261164,0.5270729660987854,0.23755311965942383,0.23537391424179077
2002-06-11,Saudi Arabia,Ireland,-1,0.370219,0.26,0.369781,0.4989820104627078,0.3287409030908911,0.17227708644640108,0.22738878428936005,0.2191506177186966,0.5534605979919434
2002-06-11,Senegal,Uruguay,0,0.370865,0.26,0.369135,0.24556160924714415,0.3544646450908015,0.39997374566205435,0.4371522068977356,0.268326997756958,0.2945207953453064
2002-06-12,Nigeria,England,0,0.369003,0.26,0.370997,0.15068586641761675,0.2924577249463599,0.5568564086360234,0.32298988103866577,0.28463172912597656,0.3923783600330353
2002-06-12,Slovenia,Paraguay,-1,0.369651,0.26,0.370349,0.1853811436992293,0.3623191880099486,0.4522996682908221,0.4954846203327179,0.2484039068222046,0.2561115324497223
2002-06-12,South Africa,Spain,-1,0.370086,0.26,0.369914,0.08136933930021593,0.1880122053795136,0.7306184553202705,0.3191295266151428,0.27949002385139465,0.4013804495334625
2002-06-12,Sweden,Argentina,0,0.369903,0.26,0.370097,0.0672570578689716,0.16446372825846237,0.768279213872566,0.3000471889972687,0.2870999574661255,0.4128529131412506
2002-06-13,Costa Rica,Brazil,-1,0.368832,0.26,0.371168,0.1593323273624634,0.27414116017242124,0.5665265124651153,0.14204423129558563,0.21358457207679749,0.6443712115287781
2002-06-13,Ecuador,Croatia,1,0.368693,0.26,0.371307,0.41862423051651804,0.3533281184203519,0.22804765106312996,0.26848694682121277,0.29484421014785767,0.4366688132286072
2002-06-13,Mexico,Italy,0,0.369794,0.26,0.370206,0.5217333752320641,0.2941626357008579,0.18410398906707798,0.4541270136833191,0.28995466232299805,0.25591835379600525
2002-06-13,Turkey,China,1,0.368844,0.26,0.371156,0.4382395888083115,0.27372098821908686,0.28803942297260154,0.5773626565933228,0.21560180187225342,0.20703557133674622
2002-06-14,Belgium,Russia,1,0.369603,0.26,0.370397,0.459915656157907,0.28376629028837147,0.25631805355372156,0.3419739902019501,0.2870609164237976,0.3709650933742523
2002-06-14,Japan,Tunisia,1,0.370192,0.26,0.369808,0.6189116334589365,0.2709208887402095,0.1101674778008541,0.6626774072647095,0.20645014941692352,0.1308724582195282
2002-06-14,South Korea,Portugal,1,0.368972,0.26,0.371028,0.3672062443052935,0.29689160183740126,0.33590215385730526,0.39897671341896057,0.31560754776000977,0.2854157090187073
2002-06-14,Poland,United States,1,0.369443,0.26,0.370557,0.12498426966644637,0.2119534606678085,0.6630622696657451,0.20890820026397705,0.2547420561313629,0.5363497138023376
2002-06-15,Denmark,England,-1,0.371638,0.26,0.368362,0.17942195562971114,0.3064647614350313,0.5141132829352576,0.5119333267211914,0.26834768056869507,0.21971896290779114
2002-06-15,Germany,Paraguay,1,0.370141,0.26,0.369859,0.4547565794028353,0.3039495852763818,0.24129383532078288,0.7000400424003601,0.1280946582555771,0.1718652844429016
2002-06-16,Spain,Ireland,0,0.370457,0.26,0.369543,0.7442310349303387,0.18540909910594727,0.070359865963714,0.5188202857971191,0.2106139212846756,0.2705657482147217
2002-06-16,Sweden,Senegal,-1,0.370936,0.26,0.369064,0.1869415053452893,0.27692269383747214,0.5361358008172386,0.3837423026561737,0.2645866870880127,0.3516710698604584
2002-06-17,Brazil,Belgium,1,0.371395,0.26,0.368605,0.551199655833302,0.26557044701626875,0.18322989715042917,0.612754762172699,0.2261689454317093,0.16107633709907532
2002-06-17,Mexico,United States,-1,0.371011,0.26,0.368989,0.3698774224890054,0.3308430114047348,0.29927956610625994,0.5233467221260071,0.26800641417503357,0.20864687860012054
2002-06-18,Japan,Turkey,-1,0.370408,0.26,0.369592,0.7764290461682961,0.15505048924410642,0.06852046458759753,0.44818758964538574,0.2749212384223938,0.27689114212989807
2002-06-18,South Korea,Italy,1,0.369407,0.26,0.370593,0.5146773400956509,0.27899165337274817,0.2063310065316009,0.5098955631256104,0.28364163637161255,0.2064628005027771
2002-06-21,England,Brazil,-1,0.36886,0.26,0.37114,0.28622999467462445,0.34339283164060946,0.3703771736847661,0.18357953429222107,0.2077532261610031,0.608667254447937
2002-06-21,Germany,United States,1,0.371291,0.26,0.368709,0.32969117563851746,0.2776554543033697,0.39265337005811285,0.6587633490562439,0.1949194073677063,0.1463172435760498
2002-06-22,South Korea,Spain,0,0.36886,0.26,0.37114,0.2683676696106842,0.2987916859685514,0.4328406444207644,0.3817170560359955,0.28711047768592834,0.33117246627807617
2002-06-22,Senegal,Turkey,-1,0.370085,0.26,0.369915,0.5172269165384079,0.2786181156341528,0.2041549678274394,0.39196258783340454,0.2856489419937134,0.32238849997520447
2002-06-25,South Korea,Germany,-1,0.36923,0.26,0.37077,0.4005813033696032,0.2813017456853259,0.3181169509450709,0.33989331126213074,0.27419739961624146,0.3859092891216278
2002-06-26,Brazil,Turkey,1,0.371588,0.26,0.368412,0.7345491840791646,0.17696853093723333,0.08848228498360207,0.6413550972938538,0.20242612063884735,0.15621879696846008
2002-06-29,South Korea,Turkey,-1,0.370043,0.26,0.369957,0.6251213240992205,0.2262483720494729,0.1486303038513066,0.5751160979270935,0.24765244126319885,0.17723146080970764
2002-06-30,Germany,Brazil,-1,0.369361,0.26,0.370639,0.2182103202197407,0.2620771333439906,0.5197125464362687,0.2957296669483185,0.20529526472091675,0.49897506833076477
2006-06-09,Germany,Costa Rica,1,0.371964,0.26,0.368036,0.4423681790422866,0.282840276838296,0.27479154411941736,0.7463680505752563,0.15532445907592773,0.0983075350522995
2006-06-09,Poland,Ecuador,-1,0.372796,0.26,0.367204,0.13003299246381617,0.2652909228452702,0.6046760846909136,0.637752115726471,0.21679772436618805,0.1454501748085022
2006-06-10,Argentina,Ivory Coast,1,0.371237,0.26,0.368763,0.6178984379383532,0.26703903203704865,0.11506253002459818,0.39270204305648804,0.2667436897754669,0.34055429697036743
2006-06-10,England,Paraguay,1,0.373837,0.26,0.366163,0.4883391843688421,0.34529593406266346,0.16636488156849452,0.5910656452178955,0.1975022554397583,0.21143212914466858
2006-06-10,Trinidad and Tobago,Sweden,0,0.365984,0.26,0.374016,0.27363915125450766,0.2695270434438819,0.4568338053016104,0.3238617479801178,0.24610020220279694,0.43003806471824646
2006-06-11,Angola,Portugal,-1,0.366252,0.26,0.373748,0.08514187586169988,0.21834860998863198,0.6965095141496681,0.13489338755607605,0.18356449902057648,0.6815420985221863
2006-06-11,Mexico,Iran,1,0.370132,0.26,0.369868,0.3434892158077892,0.34095743739063705,0.3155533468015738,0.376510888338089,0.22965773940086365,0.39383137226104736
2006-06-11,Serbia,Netherlands,-1,0.367343,0.26,0.372657,0.17743702785077525,0.2403359186808175,0.5822270534684073,0.3172416090965271,0.28138095140457153,0.40137749910354614
2006-06-12,Australia,Japan,1,0.368294,0.26,0.371706,0.23591557162230373,0.31886070062999605,0.4452237277477002,0.46446317434310913,0.25313863158226013,0.28239819407463074
2006-06-12,Italy,Ghana,1,0.372084,0.26,0.367916,0.4565486489066567,0.2995503851696263,0.243900965923717,0.5689528584480286,0.23847731947898865,0.19256985187530518
2006-06-12,United States,Czech Republic,-1,0.368076,0.26,0.371924,0.6763900488161669,0.20964064165716953,0.11396930952666363,0.2830207645893097,0.278850793838501,0.43812841176986694
2006-06-13,Brazil,Croatia,1,0.372615,0.26,0.367385,0.5749543261071194,0.2685265952770992,0.15651907861578154,0.6875400543212891,0.18168801069259644,0.1307719349861145
2006-06-13,France,Switzerland,0,0.373123,0.26,0.366877,0.4905644704197913,0.2890824435290958,0.22035308605111298,0.500984251499176,0.30180537700653076,0.19721032679080963
2006-06-13,South Korea,Togo,1,0.372593,0.26,0.367407,0.818711735589481,0.14224084287141747,0.039047421539101526,0.6328784227371216,0.22401808202266693,0.1431034803390503
2006-06-14,Germany,Poland,1,0.371167,0.26,0.368833,0.6625035218817305,0.1991400541933935,0.13835642392487607,0.6026309132575989,0.22468943893909454,0.17267963290214539
2006-06-14,Spain,Ukraine,1,0.373888,0.26,0.366112,0.7601670517354686,0.16575704135939534,0.07407590690513609,0.4792599678039551,0.3062884509563446,0.21445153653621674
2006-06-14,Tunisia,Saudi Arabia,0,0.368442,0.26,0.371558,0.26939624358341413,0.3899500532435739,0.34065370317301197,0.48428305983543396,0.2715131342411041,0.24420380592346191
2006-06-15,Ecuador,Costa Rica,1,0.369565,0.26,0.370435,0.4116264425369179,0.3583428304589457,0.23003072700413643,0.5128595232963562,0.21506080031394958,0.2720797061920166
2006-06-15,England,Trinidad and Tobago,1,0.373856,0.26,0.366144,0.7344911223966404,0.19301609313280432,0.07249278447055527,0.7247219085693359,0.14558923244476318,0.12968890368938446
2006-06-15,Sweden,Paraguay,1,0.374559,0.26,0.365441,0.24320775879915082,0.31267884416241104,0.4441133970384381,0.4244118630886078,0.2560496926307678,0.319538414478302
2006-06-16,Argentina,Serbia,1,0.37327,0.26,0.36673,0.7681953521901796,0.16868370862662077,0.06312093918319954,0.3870851397514343,0.2727186977863312,0.3401961922645569
2006-06-16,Mexico,Angola,0,0.371767,0.26,0.368233,0.6796472020278788,0.24600486712652497,0.07434793084559628,0.5177298188209534,0.2637861371040344,0.2184840440750122
2006-06-16,Netherlands,Ivory Coast,1,0.375082,0.26,0.364918,0.4265356473886468,0.30564476509155347,0.26781958751979984,0.5877044200897217,0.24668730795383453,0.1656082719564438
2006-06-17,Czech Republic,Ghana,-1,0.374306,0.26,0.365694,0.3107894903063006,0.3048886615039029,0.38432184818979653,0.622373104095459,0.22149395942687988,0.15613292157649994
2006-06-17,Italy,United States,0,0.371343,0.26,0.368657,0.214125203917888,0.27700173897586655,0.5088730571062454,0.4584028422832489,0.2964131236076355,0.2451840043067932
2006-06-17,Portugal,Iran,1,0.370228,0.26,0.369772,0.32128764198735627,0.29938451256003634,0.37932784545260734,0.5955920815467834,0.2345476597547531,0.16986030340194702
2006-06-18,Brazil,Australia,1,0.373297,0.26,0.366703,0.3999090689767534,0.32483306127704537,0.27525786974620114,0.5660957098007202,0.23177579045295715,0.20212851464748383
2006-06-18,France,South Korea,0,0.370803,0.26,0.369197,0.34670884820607056,0.3159242896597906,0.3373668621341388,0.45557519793510437,0.29227593541145325,0.25214895606040955
2006-06-18,Japan,Croatia,0,0.370946,0.26,0.369054,0.6211715657027634,0.2502538385767621,0.1285745957204745,0.4622223973274231,0.26316994428634644,0.2746075987815857
2006-06-19,Saudi Arabia,Ukraine,-1,0.369151,0.26,0.370849,0.5064282570278094,0.3017507135749378,0.1918210293972528,0.23431290686130524,0.27509909868240356,0.49058791995048523
2006-06-19,Spain,Tunisia,1,0.373406,0.26,0.366594,0.5662349247248264,0.2884600901537359,0.1453049851214377,0.5256165862083435,0.26768818497657776,0.20669525861740112
2006-06-19,Togo,Switzerland,-1,0.373105,0.26,0.366895,0.07857909309074448,0.20645338882505881,0.7149675180841968,0.23654203116893768,0.24700681865215302,0.5164511799812317
2006-06-20,Costa Rica,Poland,-1,0.368236,0.26,0.371764,0.5281436607897919,0.27041183567759247,0.20144450353261564,0.15991991758346558,0.19086165726184845,0.6492184400558472
2006-06-20,Germany,Ecuador,1,0.372825,0.26,0.367175,0.30843309330578017,0.3249704662150443,0.3665964404791755,0.6973137855529785,0.1931125968694687,0.10957358777523041
2006-06-20,Paraguay,Trinidad and Tobago,1,0.369594,0.26,0.370406,0.5193802385271984,0.3005311696790939,0.1800885917937078,0.42088887095451355,0.24276858568191528,0.33634260296821594
2006-06-20,Sweden,England,0,0.37001,0.26,0.36999,0.10677879558243569,0.22404753308101472,0.6691736713365496,0.29008758068084717,0.2838831841945648,0.4260292649269104
2006-06-21,Iran,Angola,0,0.371137,0.26,0.368863,0.6947922818215929,0.22797892433344927,0.07722879384495787,0.4403127133846283,0.22996459901332855,0.32972270250320435
2006-06-21,Ivory Coast,Serbia,1,0.369671,0.26,0.370329,0.4501652590142035,0.3104947411223656,0.23933999986343094,0.4020109474658966,0.24713914096355438,0.3508499264717102
2006-06-21,Netherlands,Argentina,0,0.373652,0.26,0.366348,0.15770928867485473,0.2539534177416289,0.5883372935835164,0.4327988624572754,0.29328233003616333,0.2739188075065613
2006-06-21,Portugal,Mexico,1,0.370282,0.26,0.369718,0.2988921715523885,0.3180224561775978,0.38308537227001377,0.6109438538551331,0.23421446979045868,0.15484164655208588
2006-06-22,Croatia,Australia,0,0.370928,0.26,0.369072,0.20173895357669525,0.30555552771578315,0.4927055187075216,0.32508447766304016,0.26651784777641296,0.4083976745605469
2006-06-22,Czech Republic,Italy,-1,0.368838,0.26,0.371162,0.21561559765791016,0.2680891877792474,0.5162952145628424,0.35452714562416077,0.28609761595726013,0.3593752682209015
2006-06-22,Ghana,United States,1,0.370541,0.26,0.369459,0.1381929911674018,0.2506126520956671,0.6111943567369311,0.4105722904205322,0.26700690388679504,0.3224208354949951
2006-06-22,Japan,Brazil,-1,0.36733,0.26,0.37267,0.38582946655211037,0.31858192996409784,0.2955886034837918,0.15153329074382782,0.25283196568489075,0.5956347584724426
2006-06-23,Saudi Arabia,Spain,-1,0.369125,0.26,0.370875,0.17320251770650297,0.2991284882368916,0.5276689940566054,0.13540033996105194,0.1676536649465561,0.6969460248947144
2006-06-23,Switzerland,South Korea,1,0.365601,0.26,0.374399,0.22450059439878894,0.2878467351887937,0.48765267041241733,0.3861550986766815,0.2882589101791382,0.3255859613418579
2006-06-23,Togo,France,-1,0.368116,0.26,0.371884,0.038394749816480306,0.14262937467477033,0.8189758755087494,0.19178414344787598,0.238571897149086,0.5696439743041992
2006-06-23,Ukraine,Tunisia,1,0.367474,0.26,0.372526,0.22407966863994347,0.3229494626130645,0.452970868746992,0.44381585717201233,0.2634176015853882,0.2927665114402771
2006-06-24,Argentina,Mexico,1,0.369157,0.26,0.370843,0.4267752152283435,0.3407885407629796,0.23243624400867696,0.4549225866794586,0.26824313402175903,0.2768342196941376
2006-06-24,Germany,Sweden,1,0.368968,0.26,0.371032,0.6363336392827058,0.20812122426092625,0.15554513645636797,0.6684344410896301,0.1943666636943817,0.13719892501831055
2006-06-25,England,Ecuador,1,0.374664,0.26,0.365336,0.35436943236988644,0.39092211736917853,0.254708450260935,0.647117555141449,0.2083849012851715,0.1444975882768631
2006-06-25,Portugal,Netherlands,1,0.369958,0.26,0.370042,0.4380815012296107,0.27159711215823934,0.29032138661214996,0.5411085486412048,0.22088049352169037,0.23801091313362122
2006-06-26,Italy,Australia,1,0.370007,0.26,0.369993,0.1780541312330566,0.2797557141605629,0.5421901546063804,0.4708781838417053,0.2900787889957428,0.23904305696487427
2006-06-26,Switzerland,Ukraine,0,0.370538,0.26,0.369462,0.5285438444411846,0.26655997174563506,0.20489618381318037,0.4090893864631653,0.3045557737350464,0.2863548696041107
2006-06-27,Brazil,Ghana,1,0.374949,0.26,0.365051,0.7168030965282212,0.20119068755951397,0.08200621591226483,0.6179503202438354,0.21690043807029724,0.1651492416858673
2006-06-27,Spain,France,-1,0.372151,0.26,0.367849,0.4258079450495696,0.3021592095953613,0.2720328453550692,0.4593248665332794,0.2512560188770294,0.28941911458969116
2006-06-30,Germany,Argentina,0,0.370565,0.26,0.369435,0.18863771257599277,0.2613076738932955,0.5500546135307117,0.5814415812492371,0.24222420156002045,0.1763342171907425
2006-06-30,Italy,Ukraine,1,0.368823,0.26,0.371177,0.5041357717165074,0.27194463756559334,0.22391959071789921,0.3635939061641693,0.31681883335113525,0.31958726048469543
2006-07-01,Brazil,France,-1,0.368683,0.26,0.371317,0.44212472066172726,0.30767438811039255,0.2502008912278802,0.46514660120010376,0.2110399752855301,0.32381346821784973
2006-07-01,England,Portugal,0,0.372489,0.26,0.367511,0.40861762446291366,0.31962082005815207,0.27176155547893427,0.44362688064575195,0.315570205450058,0.24080286920070648
2006-07-04,Germany,Italy,-1,0.36839,0.26,0.37161,0.4999443404771009,0.2593713334170892,0.24068432610580995,0.4839407205581665,0.25310948491096497,0.2629498541355133
2006-07-05,Portugal,France,-1,0.370898,0.26,0.369102,0.3299933259465702,0.2991170529936991,0.3708896210597307,0.4819942116737366,0.283769428730011,0.23423629999160767
2006-07-08,Germany,Portugal,1,0.367455,0.26,0.372545,0.33994787713449925,0.26777551874104166,0.3922766041244592,0.47340747714042664,0.2601574957370758,0.26643499732017517
2006-07-09,Italy,France,0,0.370411,0.26,0.369589,0.20248830236162743,0.28004118988795285,0.5174705077504198,0.4030366539955139,0.359301894903183,0.23766149580478668
2010-06-11,South Africa,Mexico,0,0.360791,0.26,0.379209,0.11069946271400888,0.25148995838800786,0.6378105788979833,0.5722269415855408,0.24233166873455048,0.18544135987758636
2010-06-11,Uruguay,France,0,0.357169,0.26,0.382831,0.34153108523254627,0.339836746199317,0.31863216856813675,0.3584473133087158,0.3277772068977356,0.3137754201889038
2010-06-12,Argentina,Nigeria,1,0.376086,0.26,0.363914,0.6588956427357867,0.23605597099446218,0.10504838626975109,0.512485921382904,0.2764863073825836,0.2110278159379959
2010-06-12,England,United States,0,0.372561,0.26,0.367439,0.3942442223704578,0.3330533021816449,0.27270247544789733,0.6697030663490295,0.1952233463525772,0.13507357239723206
2010-06-12,South Korea,Greece,1,0.366489,0.26,0.373511,0.6117014742210027,0.25091066226255543,0.1373878635164418,0.5805249214172363,0.23170453310012817,0.1877705156803131
2010-06-13,Algeria,Slovenia,-1,0.369625,0.26,0.370375,0.49466980448341524,0.3012454700951492,0.20408472542143555,0.1493290364742279,0.20087933540344238,0.6497916579246521
2010-06-13,Germany,Australia,1,0.376092,0.26,0.363908,0.2769844058301131,0.2887151014187788,0.43430049275110816,0.5657557249069214,0.23942585289478302,0.1948184221982956
2010-06-13,Serbia,Ghana,-1,0.370998,0.26,0.369002,0.3356875354017242,0.30907144826049726,0.35524101633777855,0.5774600505828857,0.2432120442390442,0.17932792007923126
2010-06-14,Italy,Paraguay,0,0.381686,0.26,0.358314,0.32244005499322986,0.3421922306485297,0.3353677143582405,0.46134451031684875,0.30633872747421265,0.232316792011261
2010-06-14,Japan,Cameroon,1,0.371378,0.26,0.368622,0.7140281649965459,0.21151296486263027,0.07445887014082384,0.415274053812027,0.2741982340812683,0.3105277419090271
2010-06-14,Netherlands,Denmark,1,0.378033,0.26,0.361967,0.40979096917737967,0.2884845639956832,0.30172446682693727,0.6352528929710388,0.22126254439353943,0.14348453283309937
2010-06-15,Brazil,North Korea,1,0.36495,0.26,0.37505,0.7925768477019592,0.1510291658719977,0.05639398642604294,0.6880797147750854,0.19274385273456573,0.11917643249034882
2010-06-15,Ivory Coast,Portugal,0,0.384463,0.26,0.355537,0.21170480475186293,0.29525479707746627,0.49304039817067075,0.25214532017707825,0.2906647026538849,0.45719000697135925
2010-06-15,New Zealand,Slovakia,0,0.368394,0.26,0.371606,0.7245317385087573,0.19111019895773007,0.08435806253351259,0.2291179597377777,0.2720089852809906,0.4988730847835541
2010-06-16,Honduras,Chile,-1,0.386237,0.26,0.353763,0.35227572882136904,0.34132745716728946,0.3063968140113415,0.24052685499191284,0.2720198929309845,0.48745328187942505
2010-06-16,South Africa,Uruguay,-1,0.368048,0.26,0.371952,0.11620232736250774,0.2566942232227652,0.6271034494147271,0.5180956721305847,0.2852364778518677,0.1966678351163864
2010-06-16,Spain,Switzerland,-1,0.37347,0.26,0.36653,0.5861857648431389,0.25126589572267566,0.1625483394341855,0.634976327419281,0.19525979459285736,0.16976386308670044
2010-06-17,Argentina,South Korea,1,0.369389,0.26,0.370611,0.4769985288760068,0.30736581785442463,0.21563565326956854,0.45138147473335266,0.26274245977401733,0.2858760952949524
2010-06-17,France,Mexico,-1,0.368053,0.26,0.371947,0.30849606756782316,0.33978602014609643,0.3517179122860804,0.3532097637653351,0.2726333439350128,0.3741568922996521
2010-06-17,Greece,Nigeria,1,0.36379,0.26,0.37621,0.2690434637925784,0.3132033959492395,0.41775314025818205,0.2378648817539215,0.2589057981967926,0.5032293200492859
2010-06-18,England,Algeria,0,0.368271,0.26,0.371729,0.5680716879354382,0.272477749091814,0.15945056297274787,0.6530359983444214,0.22625914216041565,0.12070485204458237
2010-06-18,Germany,Serbia,-1,0.384078,0.26,0.355922,0.6441015630171404,0.21185784667930804,0.1440405903035515,0.5476248860359192,0.2604105770587921,0.19196456670761108
2010-06-18,Slovenia,United States,0,0.363913,0.26,0.376087,0.11052778141334056,0.25308771351262604,0.6363845050740334,0.6225190162658691,0.19795538485050201,0.17952564358711243
2010-06-19,Cameroon,Denmark,-1,0.369194,0.26,0.370806,0.23447708436139714,0.3270567929262983,0.43846612271230456,0.3378344178199768,0.23474597930908203,0.42741963267326355
2010-06-19,Ghana,Australia,0,0.372957,0.26,0.367043,0.11423867666036307,0.24891248068112712,0.6368488426585098,0.46046942472457886,0.27845776081085205,0.2610728144645691
2010-06-19,Netherlands,Japan,1,0.37063,0.26,0.36937,0.14981426610457843,0.23957623497273772,0.6106094989226839,0.7702620625495911,0.12651212513446808,0.10322585701942444
2010-06-20,Brazil,Ivory Coast,1,0.376437,0.26,0.363563,0.5969723239818688,0.27002243404690907,0.13300524197122215,0.6620926260948181,0.18806055188179016,0.1498468518257141
2010-06-20,Italy,New Zealand,0,0.384238,0.26,0.355762,0.19751884982084295,0.2739151978320668,0.5285659523470903,0.5361973643302917,0.2745402157306671,0.18926246464252472
2010-06-20,Slovakia,Paraguay,-1,0.372424,0.26,0.367576,0.1749320272119218,0.3090072159564628,0.5160607568316153,0.475629985332489,0.26933372020721436,0.25503623485565186
2010-06-21,Chile,Switzerland,1,0.381134,0.26,0.358866,0.26507155467780424,0.31641010613869486,0.41851833918350095,0.6435750126838684,0.2260955274105072,0.1303294450044632
2010-06-21,Portugal,North Korea,1,0.385725,0.26,0.354275,0.7033832588682032,0.19375838781548327,0.10285835331631356,0.6443039178848267,0.23164993524551392,0.12404616177082062
2010-06-21,Spain,Honduras,1,0.366989,0.26,0.373011,0.6252485794637952,0.24531332989243085,0.12943809064377398,0.7027310132980347,0.16145579516887665,0.13581325113773346
2010-06-22,Greece,Argentina,-1,0.365146,0.26,0.374854,0.07229968783123455,0.19503167146623873,0.7326686407025267,0.1846008449792862,0.1948864609003067,0.6205126643180847
2010-06-22,Mexico,Uruguay,-1,0.380669,0.26,0.359331,0.3279382898196667,0.3631520775738026,0.3089096326065307,0.36029279232025146,0.31680828332901,0.3228989243507385
2010-06-22,Nigeria,South Korea,0,0.371899,0.26,0.368101,0.18827642757724675,0.2827866310548965,0.5289369413678567,0.38782191276550293,0.3002365231513977,0.31194162368774414
2010-06-22,South Africa,France,1,0.358432,0.26,0.381568,0.12044441123435652,0.23894355603154616,0.6406120327340973,0.5825490355491638,0.24444042146205902,0.17301054298877716
2010-06-23,Australia,Serbia,1,0.377981,0.26,0.362019,0.6709716296639473,0.2222867779808547,0.1067415923551981,0.3446817994117737,0.27347952127456665,0.3818386197090149
2010-06-23,Ghana,Germany,-1,0.369138,0.26,0.370862,0.153507641163525,0.23467285565026952,0.6118195031862055,0.21559172868728638,0.266724556684494,0.517683744430542
2010-06-23,Slovenia,England,-1,0.362457,0.26,0.377543,0.08560994683380811,0.26092742909563116,0.6534626240705608,0.38372528553009033,0.2920704483985901,0.3242042660713196
2010-06-23,United States,Algeria,1,0.357899,0.26,0.382101,0.5293123038479514,0.2629571567710889,0.20773053938095964,0.42135557532310486,0.24974896013736725,0.3288954198360443
2010-06-24,Cameroon,Netherlands,-1,0.373761,0.26,0.366239,0.19885865874569325,0.2889653601624477,0.512175981091859,0.1997191160917282,0.19889502227306366,0.6013858914375305
2010-06-24,Denmark,Japan,-1,0.359631,0.26,0.380369,0.12158106335272761,0.23908488257722374,0.6393340540700487,0.4192112386226654,0.24784837663173676,0.33294034004211426
2010-06-24,Paraguay,New Zealand,0,0.362534,0.26,0.377466,0.19900351531398583,0.3245099303082302,0.47648655437778403,0.36810269951820374,0.2613212466239929,0.37057608366012573
2010-06-24,Slovakia,Italy,1,0.3642,0.26,0.3758,0.18069330007444384,0.2630736623665896,0.5562330375589666,0.3336006700992584,0.279255211353302,0.3871440589427948
2010-06-25,Chile,Spain,-1,0.352054,0.26,0.387946,0.11613369084259247,0.23858001190943526,0.6452862972479723,0.24102239310741425,0.2426687777042389,0.5163088440895081
2010-06-25,North Korea,Ivory Coast,-1,0.359907,0.26,0.380093,0.20009483437285935,0.2991111877247786,0.500793977902362,0.24584022164344788,0.2150622010231018,0.5390976071357727
2010-06-25,Portugal,Brazil,0,0.36572,0.26,0.37428,0.23661735772043394,0.28349957550080673,0.47988306677875936,0.4227428138256073,0.29382598400115967,0.28343117237091064
2010-06-25,Switzerland,Honduras,0,0.371459,0.26,0.368541,0.39606457020562563,0.31495102894752186,0.28898440084685256,0.521661102771759,0.24675412476062775,0.23158477246761322
2010-06-26,Uruguay,South Korea,1,0.365888,0.26,0.374112,0.3474468634758691,0.33693814620624796,0.31561499031788287,0.5788503885269165,0.24475471675395966,0.17639487981796265
2010-06-26,United States,Ghana,-1,0.372232,0.26,0.367768,0.6111943567369311,0.2506126520956671,0.1381929911674018,0.418517529964447,0.2646695375442505,0.3168129026889801
2010-06-27,Argentina,Mexico,1,0.368357,0.26,0.371643,0.4267752152283435,0.3407885407629796,0.23243624400867696,0.5359460711479187,0.2446669042110443,0.21938703954219818
2010-06-27,Germany,England,1,0.370819,0.26,0.369181,0.2559608688745677,0.2997093326394189,0.4443297984860134,0.44875568151474,0.3038598895072937,0.24738439917564392
2010-06-28,Brazil,Chile,1,0.384188,0.26,0.355812,0.6553827393147799,0.23849139436802005,0.10612586631720013,0.49527707695961,0.3295043110847473,0.1752185821533203
2010-06-28,Netherlands,Slovakia,1,0.386368,0.26,0.353632,0.6544862369496376,0.21634401570855222,0.12916974734181008,0.6511073708534241,0.19858793914318085,0.15030469000339508
2010-06-29,Paraguay,Japan,0,0.359062,0.26,0.380938,0.11710234157446221,0.27490603355314913,0.6079916248723887,0.43039435148239136,0.26106446981430054,0.3085411787033081
2010-06-29,Spain,Portugal,1,0.377342,0.26,0.362658,0.4624081949817818,0.2795946098017622,0.25799719521645603,0.45097875595092773,0.31362399458885193,0.23539723455905914
2010-07-02,Netherlands,Brazil,1,0.367891,0.26,0.372109,0.1828915178471346,0.256406944356273,0.5607015377965925,0.4103761911392212,0.23680590093135834,0.3528178930282593
2010-07-02,Uruguay,Ghana,0,0.367118,0.26,0.372882,0.6039100394212863,0.27052709072381664,0.12556286985489715,0.5203628540039062,0.2747856676578522,0.20485146343708038
2010-07-03,Argentina,Germany,-1,0.365249,0.26,0.374751,0.5500546135307117,0.2613076738932955,0.18863771257599277,0.4933101534843445,0.20832334458827972,0.298366516828537
2010-07-03,Paraguay,Spain,-1,0.349576,0.26,0.390424,0.1540886536423632,0.29160664051504226,0.5543047058425945,0.22948473691940308,0.25592240691185,0.5145928859710693
2010-07-06,Uruguay,Netherlands,-1,0.355536,0.26,0.384464,0.4449807486142444,0.3034766959024998,0.25154255548325566,0.23365679383277893,0.24542027711868286,0.5209228992462158
2010-07-07,Germany,Spain,-1,0.364946,0.26,0.375054,0.23867774816042056,0.25970822158439666,0.5016140302551828,0.329005628824234,0.30333566665649414,0.3676587641239166
2010-07-10,Uruguay,Germany,-1,0.356014,0.26,0.383986,0.40541246390990165,0.3010318208443866,0.29355571524571167,0.28652969002723694,0.2861534059047699,0.42731690406799316
2010-07-11,Netherlands,Spain,-1,0.365384,0.26,0.374616,0.20025650231470196,0.25516874605518813,0.5445747516301099,0.29426079988479614,0.19115330278873444,0.5145858526229858
2014-06-12,Brazil,Croatia,1,0.379733,0.26,0.360267,0.5749543261071194,0.2685265952770992,0.15651907861578154,0.7105631232261658,0.20204059779644012,0.0873962789773941
2014-06-13,Chile,Australia,1,0.359429,0.26,0.380571,0.1420343285378947,0.2837438401933307,0.5742218312687746,0.6185051798820496,0.22677837312221527,0.15471646189689636
2014-06-13,Mexico,Cameroon,1,0.373476,0.26,0.366524,0.5721165817170337,0.29802212296944824,0.12986129531351806,0.4593958556652069,0.25758740305900574,0.28301671147346497
2014-06-13,Spain,Netherlands,-1,0.378581,0.26,0.361419,0.5445747516301099,0.25516874605518813,0.20025650231470196,0.45389166474342346,0.30325061082839966,0.2428576797246933
2014-06-14,Colombia,Greece,1,0.360352,0.26,0.379648,0.6507875506416523,0.23043908331537277,0.11877336604297492,0.4552196264266968,0.25828590989112854,0.28649449348449707
2014-06-14,England,Italy,-1,0.376674,0.26,0.363326,0.5461234332837299,0.2889089561325861,0.16496761058368398,0.5617769360542297,0.24128147959709167,0.196941539645195
2014-06-14,Ivory Coast,Japan,1,0.383232,0.26,0.356768,0.10906564203624748,0.25029267699586155,0.640641680967891,0.37596914172172546,0.21993646025657654,0.404094398021698
2014-06-14,Uruguay,Costa Rica,-1,0.371223,0.26,0.368777,0.45494270921856245,0.3274489335926818,0.21760835718875582,0.6998276710510254,0.18153473734855652,0.11863760650157928
2014-06-15,Argentina,Bosnia and Herzegovina,1,0.38926,0.26,0.35074,0.87086897907365,0.10138681148286387,0.027744209443486146,0.5669052600860596,0.26492202281951904,0.16817276179790497
2014-06-15,France,Honduras,1,0.380002,0.26,0.359998,0.5322963144244085,0.2894341110863413,0.17826957448925018,0.8434157371520996,0.08013587445020676,0.07644835114479065
2014-06-15,Switzerland,Ecuador,1,0.385085,0.26,0.354915,0.22250103036613203,0.33808477260843767,0.4394141970254303,0.6461998820304871,0.20101863145828247,0.15278151631355286
2014-06-16,Germany,Portugal,1,0.387821,0.26,0.352179,0.33994787713449925,0.26777551874104166,0.3922766041244592,0.4876341223716736,0.2554011642932892,0.25696468353271484
2014-06-16,Ghana,United States,-1,0.376511,0.26,0.363489,0.1381929911674018,0.2506126520956671,0.6111943567369311,0.4042985141277313,0.2839537560939789,0.3117477297782898
2014-06-16,Iran,Nigeria,0,0.375793,0.26,0.364207,0.5396014238223292,0.28151869583386113,0.1788798803438096,0.470554381608963,0.313446968793869,0.21599861979484558
2014-06-17,Belgium,Algeria,1,0.380034,0.26,0.359966,0.4523259560598295,0.2742151993881283,0.27345884455204233,0.4034227430820465,0.23576293885707855,0.36081427335739136
2014-06-17,Brazil,Mexico,0,0.375809,0.26,0.364191,0.40141058322242607,0.33427685087711173,0.2643125659004623,0.5682112574577332,0.2845369875431061,0.14725178480148315
2014-06-17,Russia,South Korea,0,0.376254,0.26,0.363746,0.18796464558557735,0.27293555820582605,0.5390997962085966,0.7684655785560608,0.1485007256269455,0.0830337256193161
2014-06-18,Australia,Netherlands,-1,0.398702,0.26,0.341298,0.4751893995500027,0.28889564966200537,0.23591495078799188,0.15009401738643646,0.15198659896850586,0.6979193687438965
2014-06-18,Cameroon,Croatia,-1,0.407035,0.26,0.332965,0.22463201788167353,0.32976470637086286,0.44560327574746367,0.43360692262649536,0.24614596366882324,0.3202471137046814
2014-06-18,Spain,Chile,-1,0.370827,0.26,0.369173,0.6452862972479723,0.23858001190943526,0.11613369084259247,0.3231770396232605,0.28059497475624084,0.39622795581817627
2014-06-19,Colombia,Ivory Coast,1,0.3476,0.26,0.3924,0.530150056813114,0.2924903145078825,0.1773596286790036,0.44896426796913147,0.28094393014907837,0.27009180188179016
2014-06-19,Japan,Greece,0,0.37571,0.26,0.36429,0.7547423970444225,0.17854755896386268,0.06671004399171494,0.4737195074558258,0.27381542325019836,0.2524651288986206
2014-06-19,Uruguay,England,1,0.344976,0.26,0.395024,0.28305074398617563,0.36749163992482525,0.34945761608899906,0.4045679569244385,0.27777451276779175,0.3176575303077698
2014-06-20,Honduras,Ecuador,-1,0.376663,0.26,0.363337,0.18224065997348485,0.3431266915053067,0.4746326485212085,0.3428802192211151,0.2034546136856079,0.4536651372909546
2014-06-20,Italy,Costa Rica,-1,0.384897,0.26,0.355103,0.3063027125369097,0.3113512478527791,0.38234603961031116,0.5399125814437866,0.2414105236530304,0.2186768651008606
2014-06-20,Switzerland,France,-1,0.364411,0.26,0.375589,0.22035308605111295,0.28908244352909573,0.49056447041979123,0.16753850877285004,0.24130244553089142,0.5911590456962585
2014-06-21,Argentina,Iran,1,0.365584,0.26,0.374416,0.4602647776474207,0.31457121900499224,0.225164003347587,0.4614700973033905,0.32138797640800476,0.21714192628860474
2014-06-21,Germany,Ghana,0,0.398388,0.26,0.341612,0.6118195031862055,0.23467285565026952,0.153507641163525,0.5997238755226135,0.2379186451435089,0.16235749423503876
2014-06-21,Nigeria,Bosnia and Herzegovina,1,0.38283,0.26,0.35717,0.5961010718259174,0.25091527174146705,0.15298365643261552,0.4625528156757355,0.26146256923675537,0.27598458528518677
2014-06-22,Belgium,Russia,1,0.364815,0.26,0.375185,0.459915656157907,0.28376629028837147,0.25631805355372156,0.36078140139579773,0.2894440293312073,0.34977462887763977
2014-06-22,South Korea,Algeria,-1,0.361256,0.26,0.378744,0.5353484557065001,0.2645944869015911,0.20005705739190874,0.18467454612255096,0.23613467812538147,0.579190731048584
2014-06-22,United States,Portugal,0,0.399291,0.26,0.340709,0.35971083760568556,0.29250760234862166,0.3477815600456928,0.3932662308216095,0.28211358189582825,0.3246201276779175
2014-06-23,Australia,Spain,-1,0.338508,0.26,0.401492,0.29853588396997216,0.3174559226861802,0.38400819334384767,0.2222897857427597,0.18217453360557556,0.5955356955528259
2014-06-23,Brazil,Cameroon,1,0.387506,0.26,0.352494,0.6737290070619574,0.23364119116734175,0.09262980177070099,0.7992658019065857,0.14297060668468475,0.05776355415582657
2014-06-23,Croatia,Mexico,-1,0.365066,0.26,0.374934,0.2070185203550733,0.31959199230404495,0.47338948734088176,0.294718861579895,0.27573949098587036,0.4295417368412018
2014-06-23,Netherlands,Chile,1,0.405052,0.26,0.334948,0.48620552001829875,0.2884653694501727,0.22532911053152851,0.5253353118896484,0.25873908400535583,0.21592558920383453
2014-06-24,Costa Rica,England,0,0.357241,0.26,0.382759,0.18906652522076436,0.3216818911328311,0.48925158364640453,0.24873265624046326,0.2830757200717926,0.46819162368774414
2014-06-24,Greece,Ivory Coast,1,0.349283,0.26,0.390717,0.25007858164379454,0.33008467737298924,0.4198367409832162,0.37110260128974915,0.27213743329048157,0.3567599654197693
2014-06-24,Italy,Uruguay,-1,0.385589,0.26,0.354411,0.19196930150677247,0.2977157417509768,0.5103149567422507,0.36817455291748047,0.28389185667037964,0.3479335904121399
2014-06-24,Japan,Colombia,-1,0.375412,0.26,0.364588,0.4675564942437441,0.2981481145152913,0.23429539124096455,0.3540043234825134,0.2889844477176666,0.35701122879981995
2014-06-25,Bosnia and Herzegovina,Iran,1,0.368589,0.26,0.371411,0.05850963741452645,0.1536060925717107,0.7878842700137628,0.32451680302619934,0.26609283685684204,0.4093903601169586
2014-06-25,Ecuador,France,0,0.357006,0.26,0.382994,0.3079645551512176,0.3638458184786768,0.32818962637010557,0.12446561455726624,0.20247118175029755,0.6730632185935974
2014-06-25,Honduras,Switzerland,-1,0.354867,0.26,0.385133,0.28898440084685256,0.31495102894752186,0.39606457020562563,0.20309008657932281,0.22790299355983734,0.5690069198608398
2014-06-25,Nigeria,Argentina,-1,0.351553,0.26,0.388447,0.10504838626975109,0.23605597099446218,0.6588956427357867,0.24604332447052002,0.2638094425201416,0.4901471734046936
2014-06-26,Algeria,Russia,0,0.356728,0.26,0.383272,0.37248416479478547,0.2884722207992986,0.33904361440591596,0.33068597316741943,0.30405858159065247,0.3652554154396057
2014-06-26,South Korea,Belgium,-1,0.363353,0.26,0.376647,0.43696812969326326,0.2929046725627286,0.27012719774400806,0.12803934514522552,0.21966521441936493,0.6522954106330872
2014-06-26,Portugal,Ghana,1,0.372814,0.26,0.367186,0.6192778155669509,0.24034845561000276,0.14037372882304636,0.5020523071289062,0.24013246595859528,0.2578152120113373
2014-06-26,United States,Germany,-1,0.339641,0.26,0.400359,0.39265337005811285,0.2776554543033697,0.32969117563851746,0.26377812027931213,0.25719842314720154,0.4790235161781311
2014-06-28,Brazil,Chile,0,0.391533,0.26,0.348467,0.6553827393147799,0.23849139436802005,0.10612586631720013,0.6365299224853516,0.25862225890159607,0.10484778136014938
2014-06-28,Colombia,Uruguay,1,0.376359,0.26,0.363641,0.3472067407262588,0.33195491654710085,0.32083834272664036,0.5450814962387085,0.26239076256752014,0.19252777099609375
2014-06-29,Costa Rica,Greece,0,0.368393,0.26,0.371607,0.47848313486965516,0.3041838012800161,0.21733306385032872,0.28350600600242615,0.27032479643821716,0.4461692273616791
2014-06-29,Netherlands,Mexico,1,0.394488,0.26,0.345512,0.2419981428940818,0.3013180030085202,0.4566838540973979,0.49647167325019836,0.2630119025707245,0.24051643908023834
2014-06-30,France,Nigeria,1,0.416346,0.26,0.323654,0.5314079520295031,0.2838052538200654,0.18478679415043148,0.6612409949302673,0.19164150953292847,0.1471174955368042
2014-06-30,Germany,Algeria,1,0.371068,0.26,0.368932,0.5198490757462477,0.2467588860277088,0.2333920382260436,0.5473834276199341,0.22303077578544617,0.22958579659461975
2014-07-01,Argentina,Switzerland,1,0.383784,0.26,0.356216,0.6239378923679307,0.24817825904813498,0.1278838485839343,0.49728670716285706,0.2834304869174957,0.2192828506231308
2014-07-01,Belgium,United States,1,0.368712,0.26,0.371288,0.28006547350047856,0.28980017936034685,0.4301343471391747,0.4455806314945221,0.303142249584198,0.2512770891189575
2014-07-04,Brazil,Colombia,1,0.379588,0.26,0.360412,0.41946973407753774,0.30520048510016545,0.2753297808222967,0.5392847061157227,0.23714566230773926,0.22356963157653809
2014-07-04,France,Germany,-1,0.343465,0.26,0.396535,0.40447408555424935,0.28315181175628773,0.31237410268946286,0.5064162015914917,0.20283401012420654,0.29074975848197937
2014-07-05,Argentina,Belgium,1,0.382257,0.26,0.357743,0.577995994914029,0.26364016585252054,0.15836383923345052,0.4620645344257355,0.2730933129787445,0.2648421823978424
2014-07-05,Netherlands,Costa Rica,0,0.407927,0.26,0.332073,0.3874961586019989,0.29791071081646264,0.3145931305815384,0.6431536674499512,0.2073877602815628,0.14945854246616364
2014-07-08,Brazil,Germany,-1,0.344398,0.26,0.395602,0.5197125464362687,0.2620771333439906,0.2182103202197407,0.5081408023834229,0.22666308283805847,0.2651960849761963
2014-07-09,Netherlands,Argentina,0,0.387381,0.26,0.352619,0.15770928867485473,0.2539534177416289,0.5883372935835164,0.4082871675491333,0.2913472652435303,0.30036550760269165
2014-07-12,Brazil,Netherlands,-1,0.344998,0.26,0.395002,0.5607015377965925,0.256406944356273,0.18289151784713462,0.4051796495914459,0.2641378939151764,0.3306823968887329
2014-07-13,Germany,Argentina,1,0.398006,0.26,0.341994,0.18863771257599277,0.2613076738932955,0.5500546135307117,0.5150185823440552,0.2907472252845764,0.1942341923713684
2018-06-14,Russia,Saudi Arabia,1,0.342911,0.26,0.397089,0.2759664025932511,0.3362778197166725,0.3877557776900765,0.43554413318634033,0.2652071416378021,0.29924869537353516
2018-06-15,Egypt,Uruguay,-1,0.389349,0.26,0.350651,0.1855577864320587,0.3577316614980366,0.45671055206990474,0.2544120252132416,0.3081517815589905,0.43743613362312317
2018-06-15,Morocco,Iran,-1,0.330284,0.26,0.409716,0.3597160719719356,0.3655781279164008,0.2747058001116636,0.46468865871429443,0.2752562165260315,0.26005518436431885
2018-06-15,Portugal,Spain,0,0.354431,0.26,0.385569,0.25799719521645603,0.2795946098017622,0.4624081949817818,0.24545122683048248,0.27361419796943665,0.4809345304965973
2018-06-16,France,Australia,1,0.340355,0.26,0.399645,0.3048690401083298,0.32853035597142793,0.36660060392024224,0.39671212434768677,0.2616466283798218,0.34164121747016907
2018-06-16,Argentina,Iceland,0,0.392306,0.26,0.347694,0.8635281539365735,0.10248432561481172,0.03398752044861487,0.5121734142303467,0.21870264410972595,0.26912394165992737
2018-06-16,Peru,Denmark,-1,0.376632,0.26,0.363368,0.23650446617947696,0.3561511869179603,0.4073443469025626,0.4225350320339203,0.38027989864349365,0.19718505442142487
2018-06-16,Croatia,Nigeria,1,0.405825,0.26,0.334175,0.39682723211194065,0.3172576386034966,0.28591512928456264,0.4749765396118164,0.26128044724464417,0.26374301314353943
2018-06-17,Costa Rica,Serbia,-1,0.385154,0.26,0.354846,0.511588459659038,0.2832887198423286,0.20512282049863334,0.21818797290325165,0.255352646112442,0.5264593958854675
2018-06-17,Germany,Mexico,-1,0.431191,0.26,0.308809,0.282945520306405,0.29984607172414174,0.4172084079694533,0.4281020760536194,0.27742311358451843,0.2944747805595398
2018-06-17,Brazil,Switzerland,0,0.394552,0.26,0.345448,0.5997816654762894,0.2517684572884527,0.14844987723525788,0.348056823015213,0.37352240085601807,0.2784208357334137
2018-06-18,Sweden,South Korea,1,0.335278,0.26,0.404722,0.1346413037704588,0.22174584921874174,0.6436128470107995,0.39746829867362976,0.2775164544582367,0.32501524686813354
2018-06-18,Belgium,Panama,1,0.363948,0.26,0.376052,0.3960246010968961,0.29161543003591406,0.31235996886719,0.8010290265083313,0.10483092814683914,0.09414007514715195
2018-06-18,Tunisia,England,-1,0.455715,0.26,0.284285,0.1576329259596284,0.343252222697039,0.4991148513433326,0.3152177333831787,0.30496102571487427,0.379821240901947
2018-06-19,Colombia,Japan,-1,0.353397,0.26,0.386603,0.23429539124096455,0.2981481145152913,0.4675564942437441,0.5474686622619629,0.23166853189468384,0.22086279094219208
2018-06-19,Poland,Senegal,-1,0.359328,0.26,0.380672,0.1697875271672336,0.27013265638100054,0.5600798164517657,0.3393639624118805,0.2862755358219147,0.37436050176620483
2018-06-19,Russia,Egypt,1,0.329586,0.26,0.410414,0.30321901536328694,0.3510449131985565,0.34573607143815654,0.5039623975753784,0.2537269592285156,0.24231065809726715
2018-06-20,Portugal,Morocco,1,0.347943,0.26,0.392057,0.2600643515852023,0.33900485606736297,0.4009307923474348,0.257935494184494,0.259703129529953,0.482361376285553
2018-06-20,Uruguay,Saudi Arabia,1,0.426739,0.26,0.313261,0.4326826700614826,0.3555392776922284,0.21177805224628904,0.7130606174468994,0.18573753535747528,0.10120182484388351
2018-06-20,Iran,Spain,-1,0.36685,0.26,0.37315,0.27942581627179863,0.30426691743375905,0.4163072662944423,0.2426789104938507,0.2479843944311142,0.5093367099761963
2018-06-21,Denmark,Australia,0,0.364553,0.26,0.375447,0.19382653618112702,0.29635934351953824,0.5098141202993347,0.4026930630207062,0.33020445704460144,0.2671024799346924
2018-06-21,France,Peru,1,0.433184,0.26,0.306816,0.5351943705430754,0.31655798578505623,0.1482476436718684,0.44285765290260315,0.3137310743331909,0.24341130256652832
2018-06-21,Argentina,Croatia,-1,0.368088,0.26,0.371912,0.5987016831199876,0.2659631034949337,0.1353352133850787,0.2879721522331238,0.23720155656337738,0.47482624650001526
2018-06-22,Brazil,Costa Rica,1,0.42629,0.26,0.31371,0.5665265124651153,0.27414116017242124,0.1593323273624634,0.7124852538108826,0.2127780020236969,0.07473680377006531
2018-06-22,Nigeria,Iceland,1,0.368077,0.26,0.371923,0.564475147670463,0.2472442589165186,0.18828059341301842,0.2940874397754669,0.2344341278076172,0.4714784026145935
2018-06-22,Serbia,Switzerland,-1,0.3341,0.26,0.4059,0.21859138303778122,0.27390997283263424,0.5074986441295845,0.275869756937027,0.29061830043792725,0.4335119426250458
2018-06-23,Belgium,Tunisia,1,0.421342,0.26,0.318658,0.4077636126486533,0.33277824904693887,0.2594581383044078,0.680528461933136,0.2082100361585617,0.1112615168094635
2018-06-23,South Korea,Mexico,-1,0.333482,0.26,0.406518,0.3054621731504409,0.33676984131701676,0.3577679855325424,0.24053534865379333,0.30464968085289,0.45481500029563904
2018-06-23,Germany,Sweden,1,0.447977,0.26,0.292023,0.6363336392827058,0.20812122426092625,0.15554513645636797,0.5380205512046814,0.23856981098651886,0.22340959310531616
2018-06-24,England,Panama,1,0.46441,0.26,0.27559,0.5097397353241103,0.30265825617469183,0.18760200850119788,0.7365809679031372,0.16639269888401031,0.09702636301517487
2018-06-24,Japan,Senegal,0,0.371382,0.26,0.368618,0.5498322054038145,0.2929742854707001,0.1571935091254854,0.25213226675987244,0.2912697196006775,0.4565980136394501
2018-06-24,Poland,Colombia,-1,0.391808,0.26,0.348192,0.10179619851764729,0.1915264196992303,0.7066773817831224,0.4762151539325714,0.25347426533699036,0.2703106105327606
2018-06-25,Russia,Uruguay,-1,0.352648,0.26,0.387352,0.1753550156711058,0.2914768442738459,0.5331681400550483,0.26559561491012573,0.29857107996940613,0.4358333349227905
2018-06-25,Saudi Arabia,Egypt,1,0.451306,0.26,0.288694,0.3314221614702529,0.39499962373449016,0.2735782147952569,0.32645633816719055,0.19552019238471985,0.478023499250412
2018-06-25,Spain,Morocco,0,0.367999,0.26,0.372001,0.33764465303796626,0.35572680496626286,0.3066285419957709,0.4489995837211609,0.23505613207817078,0.3159443140029907
2018-06-25,Iran,Portugal,0,0.367439,0.26,0.372561,0.37932784545260734,0.29938451256003634,0.32128764198735627,0.35581159591674805,0.2908552587032318,0.35333317518234253
2018-06-26,Australia,Peru,-1,0.420225,0.26,0.319775,0.5529539807802317,0.3161916214734966,0.13085439774627178,0.3539433479309082,0.3254455029964447,0.3206111490726471
2018-06-26,Denmark,France,0,0.341873,0.26,0.398127,0.21964816655232855,0.29509737197505986,0.48525446147261164,0.29924941062927246,0.3102012574672699,0.39054933190345764
2018-06-26,Nigeria,Argentina,-1,0.314809,0.26,0.425191,0.10504838626975109,0.23605597099446218,0.6588956427357867,0.3225366771221161,0.2318892627954483,0.4455741047859192
2018-06-26,Iceland,Croatia,-1,0.35215,0.26,0.38785,0.1459817618677094,0.22433154990878115,0.6296866882235095,0.16072571277618408,0.21642464399337769,0.622849702835083
2018-06-27,South Korea,Germany,1,0.27729,0.26,0.46271,0.4005813033696032,0.2813017456853259,0.3181169509450709,0.22701379656791687,0.24759681522846222,0.5253893733024597
2018-06-27,Mexico,Sweden,-1,0.410576,0.26,0.329424,0.6459852444065602,0.232845507824138,0.12116924776930184,0.4887778162956238,0.2850126624107361,0.2262095808982849
2018-06-27,Serbia,Brazil,-1,0.29844,0.26,0.44156,0.07431698213130918,0.17506999847972782,0.750613019388963,0.19471481442451477,0.25423333048820496,0.5510518550872803
2018-06-27,Switzerland,Costa Rica,0,0.415323,0.26,0.324677,0.32728725457731744,0.31459181665659386,0.3581209287660887,0.7404873967170715,0.18301987648010254,0.07649268954992294
2018-06-28,Japan,Poland,-1,0.319206,0.26,0.420794,0.8074956887901893,0.13901181503373142,0.05349249617607936,0.2906581163406372,0.2185431271791458,0.4907987713813782
2018-06-28,Senegal,Colombia,-1,0.36356,0.26,0.37644,0.242417315169091,0.32036138466044695,0.43722130017046196,0.34510743618011475,0.2755190134048462,0.3793735206127167
2018-06-28,Panama,Tunisia,-1,0.408622,0.26,0.331378,0.3653515885198256,0.34435500160099164,0.2902934098791828,0.27640479803085327,0.210852712392807,0.5127424597740173
2018-06-28,England,Belgium,-1,0.409688,0.26,0.330312,0.47430099006702725,0.30868648307385665,0.21701252685911618,0.27685973048210144,0.275918573141098,0.44722163677215576
2018-06-30,France,Argentina,1,0.391826,0.26,0.348174,0.21888027728063744,0.31148675444777096,0.46963296827159157,0.6282587647438049,0.2169872671365738,0.1547539234161377
2018-06-30,Uruguay,Portugal,1,0.317301,0.26,0.422699,0.37203517660618046,0.3185958062512118,0.3093690171426077,0.45791298151016235,0.28591233491897583,0.25617462396621704
2018-07-01,Russia,Spain,0,0.278217,0.26,0.461783,0.13219179210220453,0.23047971717490143,0.6373284907228941,0.2420477271080017,0.2504025399684906,0.5075497627258301
2018-07-01,Croatia,Denmark,0,0.396945,0.26,0.343055,0.35274336588992605,0.31710553966586025,0.33015109444421353,0.4355241358280182,0.33592694997787476,0.22854895889759064
2018-07-02,Brazil,Mexico,1,0.404775,0.26,0.335225,0.40141058322242607,0.33427685087711173,0.2643125659004623,0.6477875709533691,0.226318821310997,0.12589360773563385
2018-07-02,Belgium,Japan,1,0.411483,0.26,0.328517,0.15080166433679476,0.24904652282812537,0.6001518128350799,0.7330982685089111,0.15977835655212402,0.10712335258722305
2018-07-03,Sweden,Switzerland,1,0.350785,0.26,0.389215,0.23598269397618296,0.26672688427526786,0.49729042174854915,0.3039299547672272,0.2761034071445465,0.41996660828590393
2018-07-03,Colombia,England,0,0.319378,0.26,0.420622,0.30795133209434816,0.33716744726935466,0.35488122063629707,0.2889597415924072,0.26749536395072937,0.4435449242591858
2018-07-06,Uruguay,France,-1,0.339985,0.26,0.400015,0.34153108523254627,0.339836746199317,0.31863216856813675,0.37548309564590454,0.2833617627620697,0.34115517139434814
2018-07-06,Brazil,Belgium,-1,0.367905,0.26,0.372095,0.551199655833302,0.26557044701626875,0.18322989715042917,0.3370577096939087,0.166924849152565,0.4960174858570099
2018-07-07,Sweden,England,-1,0.314235,0.26,0.425765,0.10677879558243569,0.22404753308101472,0.6691736713365496,0.2903878688812256,0.27423134446144104,0.435380756855011
2018-07-07,Russia,Croatia,0,0.337141,0.26,0.402859,0.28831268817188405,0.30794844644177083,0.4037388653863451,0.25604405999183655,0.2955866754055023,0.44836926460266113
2018-07-10,France,Belgium,1,0.34077,0.26,0.39923,0.4402956630065085,0.29449820071240884,0.2652061362810827,0.2602759003639221,0.19761651754379272,0.5421075224876404
2018-07-11,Croatia,England,1,0.348341,0.26,0.391659,0.1866677418174948,0.316225413399845,0.49710684478266026,0.3012918531894684,0.27140945196151733,0.42729872465133667
2018-07-14,Belgium,England,1,0.391576,0.26,0.348424,0.21701252685911618,0.3086864830738566,0.4743009900670272,0.48015540838241577,0.22473224997520447,0.29511237144470215
2018-07-15,France,Croatia,1,0.384219,0.26,0.355781,0.46838958173443956,0.3034203213252804,0.22819009694028003,0.49535974860191345,0.2971647381782532,0.20747552812099457
2022-11-20,Qatar,Ecuador,-1,0.21764,0.26,0.52236,0.15889098542127253,0.2656380468266558,0.5754709677520717,0.4916674494743347,0.2698930501937866,0.23843948543071747
2022-11-21,Senegal,Netherlands,-1,0.436604,0.26,0.303396,0.350663418994537,0.3139919739788616,0.33534460702660146,0.2979636490345001,0.2447964996099472,0.45723989605903625
2022-11-21,England,Iran,1,0.33615,0.26,0.40385,0.36685634769179293,0.34466355498932183,0.28848009731888524,0.3770999610424042,0.26240822672843933,0.3604918122291565
2022-11-21,United States,Wales,0,0.333992,0.26,0.406008,0.6652934985676031,0.2197117428568809,0.11499475857551601,0.5209388732910156,0.30650267004966736,0.1725584715604782
2022-11-22,Argentina,Saudi Arabia,-1,0.423507,0.26,0.316493,0.5609244900146771,0.30087717309457573,0.13819833689074704,0.7000340819358826,0.1832572966814041,0.11670862138271332
2022-11-22,Mexico,Poland,0,0.424397,0.26,0.315603,0.6681568779599347,0.2232864732422081,0.10855664879785713,0.46113279461860657,0.2745872139930725,0.26427996158599854
2022-11-22,Denmark,Tunisia,0,0.414131,0.26,0.325869,0.3502884818454785,0.3528793407300162,0.2968321774245054,0.38543808460235596,0.3109728991985321,0.30358895659446716
2022-11-22,France,Australia,1,0.402323,0.26,0.337677,0.3048690401083298,0.32853035597142793,0.36660060392024224,0.45853033661842346,0.28204625844955444,0.2594233751296997
2022-11-23,Germany,Japan,-1,0.34997,0.26,0.39003,0.18020540416197728,0.24803523678227155,0.5717593590557511,0.29165029525756836,0.2986258864402771,0.40972378849983215
2022-11-23,Spain,Costa Rica,1,0.466183,0.26,0.273817,0.5532959357169931,0.2726315023957918,0.17407256188721518,0.4207448959350586,0.3375662565231323,0.24168887734413147
2022-11-23,Morocco,Croatia,0,0.404906,0.26,0.335094,0.48329997255208124,0.3366409112706655,0.18005911617725323,0.37548989057540894,0.4047698378562927,0.21974024176597595
2022-11-23,Belgium,Canada,1,0.41019,0.26,0.32981,0.261070020859115,0.2955313033181854,0.4433986758226996,0.3773985803127289,0.27653202414512634,0.3460693955421448
2022-11-24,Switzerland,Cameroon,1,0.491855,0.26,0.248145,0.44365794842108525,0.3206206482802678,0.23572140329864702,0.41135627031326294,0.2388109713792801,0.34983277320861816
2022-11-24,Brazil,Serbia,1,0.265419,0.26,0.474581,0.750613019388963,0.17506999847972782,0.07431698213130918,0.5930030941963196,0.18100428581237793,0.22599264979362488
2022-11-24,Uruguay,South Korea,0,0.389362,0.26,0.350638,0.3474468634758691,0.33693814620624796,0.31561499031788287,0.49755677580833435,0.3319435119628906,0.17049969732761383
2022-11-24,Portugal,Ghana,1,0.475671,0.26,0.264329,0.6192778155669509,0.24034845561000276,0.14037372882304636,0.6066132187843323,0.24403908848762512,0.1493476927280426
2022-11-25,Qatar,Senegal,-1,0.260499,0.26,0.479501,0.2073204070991643,0.26843739320746696,0.5242421996933687,0.522599458694458,0.25723594427108765,0.22016458213329315
2022-11-25,Netherlands,Ecuador,0,0.556409,0.26,0.183591,0.26650471521100066,0.33058291200401396,0.40291237278498543,0.5300715565681458,0.37165436148643494,0.09827408194541931
2022-11-25,Wales,Iran,-1,0.27093,0.26,0.46907,0.10453357503836613,0.21730253239597214,0.6781638925656618,0.3141744136810303,0.2492278665304184,0.43659767508506775
2022-11-25,England,United States,0,0.447187,0.26,0.292813,0.3942442223704578,0.3330533021816449,0.27270247544789733,0.37589606642723083,0.26015138626098633,0.36395251750946045
2022-11-26,Poland,Saudi Arabia,1,0.404416,0.26,0.335584,0.20081421753642983,0.29580505514509997,0.5033807273184703,0.3492489755153656,0.3289613425731659,0.3217897415161133
2022-11-26,Argentina,Mexico,1,0.301423,0.26,0.438577,0.4267752152283435,0.3407885407629796,0.23243624400867696,0.6291193962097168,0.1984051913022995,0.1724754124879837
2022-11-26,Tunisia,Australia,-1,0.403374,0.26,0.336626,0.17034549518345382,0.3314461937604453,0.49820831105610086,0.4885188937187195,0.27654868364334106,0.23493246734142303
2022-11-26,France,Denmark,1,0.383769,0.26,0.356231,0.48525446147261164,0.29509737197505986,0.21964816655232855,0.45818042755126953,0.2958017587661743,0.24601781368255615
2022-11-27,Japan,Costa Rica,-1,0.354913,0.26,0.385087,0.6125296827540513,0.2562031700791873,0.13126714716676147,0.4795568585395813,0.2734709084033966,0.2469722330570221
2022-11-27,Spain,Germany,0,0.424643,0.26,0.315357,0.5016140302551828,0.25970822158439666,0.23867774816042056,0.6598811745643616,0.20407147705554962,0.13604736328125
2022-11-27,Belgium,Morocco,-1,0.439087,0.26,0.300913,0.20898455532478316,0.3279839266986153,0.4630315179766016,0.36084556579589844,0.32119396328926086,0.3179604411125183
2022-11-27,Croatia,Canada,1,0.503909,0.26,0.236091,0.22461334825627996,0.30429963952306655,0.47108701222065347,0.48281657695770264,0.27670818567276,0.24047528207302094
2022-11-28,Cameroon,Serbia,0,0.499858,0.26,0.240142,0.3621585527057826,0.3277937751055583,0.3100476721886591,0.24306069314479828,0.27226290106773376,0.4846763610839844
2022-11-28,Brazil,Switzerland,1,0.346578,0.26,0.393422,0.5997816654762894,0.2517684572884527,0.14844987723525788,0.739423394203186,0.14994513988494873,0.11063146591186523
2022-11-28,South Korea,Ghana,-1,0.483361,0.26,0.256639,0.6151072258560396,0.2517392959985637,0.13315347814539674,0.5606615543365479,0.23706567287445068,0.20227280259132385
2022-11-28,Portugal,Uruguay,1,0.478783,0.26,0.261217,0.3093690171426077,0.3185958062512118,0.37203517660618046,0.4117041826248169,0.3277425467967987,0.2605533003807068
2022-11-29,Ecuador,Senegal,-1,0.223469,0.26,0.516531,0.3606837695968337,0.3838931400137657,0.2554230903894007,0.33524346351623535,0.32309263944625854,0.3416638970375061
2022-11-29,Qatar,Netherlands,-1,0.425735,0.26,0.314265,0.21351545148445905,0.22945912047196085,0.5570254280435801,0.31088578701019287,0.2544408440589905,0.4346734285354614
2022-11-29,Wales,England,-1,0.239862,0.26,0.500138,0.08832690904111781,0.22332863839466519,0.6883444525642171,0.2539219856262207,0.22019492089748383,0.5258830785751343
2022-11-29,Iran,United States,-1,0.179321,0.26,0.560679,0.3667570206289841,0.3112257256772589,0.32201725369375706,0.24973848462104797,0.23510131239891052,0.5151602029800415
2022-11-30,Poland,Argentina,-1,0.264162,0.26,0.475838,0.05902957234864578,0.15409987042934226,0.7868705572220119,0.15837781131267548,0.251191109418869,0.5904310345649719
2022-11-30,Saudi Arabia,Mexico,-1,0.35029,0.26,0.38971,0.2042240810538338,0.35298832175996014,0.4427875971862061,0.31472817063331604,0.25551971793174744,0.4297521412372589
2022-11-30,Australia,Denmark,1,0.382468,0.26,0.357532,0.5098141202993347,0.29635934351953824,0.19382653618112702,0.3924582600593567,0.3066007196903229,0.30094096064567566
2022-11-30,Tunisia,France,1,0.295215,0.26,0.444785,0.19238006597882726,0.32955905793677015,0.4780608760844027,0.32620951533317566,0.27048057317733765,0.4033099412918091
2022-12-01,Japan,Spain,1,0.332792,0.26,0.407208,0.4156230709141535,0.3059506159944671,0.2784263130913794,0.30037838220596313,0.30239251255989075,0.3972291052341461
2022-12-01,Costa Rica,Germany,-1,0.304388,0.26,0.435612,0.2747915441194174,0.282840276838296,0.4423681790422866,0.37985989451408386,0.25246790051460266,0.36767223477363586
2022-12-01,Croatia,Belgium,0,0.345663,0.26,0.394337,0.3083898830749154,0.3028458163478278,0.3887643005772567,0.4340152144432068,0.3152315020561218,0.2507533133029938
2022-12-01,Canada,Morocco,-1,0.292205,0.26,0.447795,0.27091846172039236,0.3664402724372569,0.36264126584235074,0.20610016584396362,0.26799505949020386,0.5259047746658325
2022-12-02,Serbia,Switzerland,-1,0.351894,0.26,0.388106,0.21859138303778122,0.27390997283263424,0.5074986441295845,0.47908878326416016,0.23996613919734955,0.2809450924396515
2022-12-02,Cameroon,Brazil,1,0.202254,0.26,0.537746,0.09262980177070099,0.23364119116734175,0.6737290070619574,0.09837477654218674,0.23783063888549805,0.6637945771217346
2022-12-02,Ghana,Uruguay,-1,0.395393,0.26,0.344607,0.12556286985489715,0.27052709072381664,0.6039100394212863,0.26465925574302673,0.25725314021110535,0.4780876338481903
2022-12-02,South Korea,Portugal,1,0.293142,0.26,0.446858,0.3672062443052935,0.29689160183740126,0.33590215385730526,0.23338583111763,0.2749732732772827,0.4916408956050873
2022-12-03,Netherlands,United States,1,0.432885,0.26,0.307115,0.2820588633334593,0.281379575979367,0.43656156068717367,0.58378005027771,0.27390289306640625,0.1423170268535614
2022-12-03,Argentina,Australia,1,0.473528,0.26,0.266472,0.4265977805015922,0.3314220882728701,0.2419801312255377,0.7018977999687195,0.1871357560157776,0.11096645146608353
2022-12-04,France,Poland,1,0.467115,0.26,0.272885,0.6693580923442793,0.2126832726576562,0.11795863499806447,0.47450312972068787,0.30612269043922424,0.21937419474124908
2022-12-04,England,Senegal,1,0.389795,0.26,0.350205,0.4323339164553133,0.3522066208179789,0.21545946272670774,0.4027678072452545,0.24693992733955383,0.3502922058105469
2022-12-05,Japan,Croatia,0,0.410281,0.26,0.329719,0.6211715657027634,0.2502538385767621,0.1285745957204745,0.35676321387290955,0.34652039408683777,0.2967163622379303
2022-12-05,Brazil,South Korea,1,0.454206,0.26,0.285794,0.44928025972871205,0.3040024081876888,0.2467173320835992,0.6447362899780273,0.2308485358953476,0.12441515177488327
2022-12-06,Morocco,Spain,0,0.373801,0.26,0.366199,0.3066285419957709,0.35572680496626286,0.33764465303796626,0.42720380425453186,0.3651084303855896,0.20768776535987854
2022-12-06,Portugal,Switzerland,1,0.418424,0.26,0.321576,0.48540933861231234,0.2754381532067908,0.23915250818089678,0.5833888053894043,0.24603082239627838,0.17058034241199493
2022-12-09,Croatia,Brazil,0,0.278633,0.26,0.461367,0.15651907861578152,0.26852659527709916,0.5749543261071193,0.2123871147632599,0.3075801730155945,0.48003271222114563
2022-12-09,Netherlands,Argentina,0,0.407576,0.26,0.332424,0.15770928867485473,0.2539534177416289,0.5883372935835164,0.3382667005062103,0.3695361912250519,0.2921971082687378
2022-12-10,Morocco,Portugal,1,0.394575,0.26,0.345425,0.4009307923474348,0.33900485606736297,0.2600643515852023,0.34920722246170044,0.3437105417251587,0.3070822060108185
2022-12-10,England,France,-1,0.360837,0.26,0.379163,0.3752492405630448,0.3429877086482761,0.2817630507886791,0.33990341424942017,0.22132030129432678,0.43877631425857544
2022-12-13,Argentina,Croatia,1,0.415185,0.26,0.324815,0.5987016831199876,0.2659631034949337,0.1353352133850787,0.4740898311138153,0.26596206426620483,0.2599480450153351
2022-12-14,France,Morocco,1,0.364406,0.26,0.375594,0.268498571212655,0.3637761195300151,0.36772530925733,0.26519787311553955,0.3002637028694153,0.4345383942127228
2022-12-17,Croatia,Morocco,1,0.315741,0.26,0.424259,0.18005911617725323,0.3366409112706655,0.48329997255208124,0.26503998041152954,0.28450626134872437,0.4504537284374237
2022-12-18,Argentina,France,0,0.366801,0.26,0.373199,0.46963296827159157,0.31148675444777096,0.21888027728063744,0.5039139986038208,0.25511759519577026,0.24096843600273132
